{"_step":0,"_wandb":{"runtime":1},"_runtime":1.491132562,"train/loss":-0.8963322043418884,"_timestamp":1.7714702288472505e+09}